<?xml version="1.0" encoding="UTF-8"?>
<export version="D">
  <design>
    <source>/Users/RobertoH/Documents/Backyard Brains/Productos/Microscopio Fluorescencia/electronica/V2/v2-2/Proyecto Completo/V2 - 2 /Microscopio Fl Esquemático.sch</source>
    <date>Wednesday, 12 April 2017 10:58:27</date>
    <tool>Eeschema 4.0.2-stable</tool>
    <sheet number="1" name="/" tstamps="/">
      <title_block>
        <title/>
        <company/>
        <rev/>
        <date/>
        <source>Microscopio Fl Esquemático.sch</source>
        <comment number="1" value=""/>
        <comment number="2" value=""/>
        <comment number="3" value=""/>
        <comment number="4" value=""/>
      </title_block>
    </sheet>
  </design>
  <components>
    <comp ref="R1">
      <value>330</value>
      <footprint>Resistors_ThroughHole:Resistor_Horizontal_RM7mm</footprint>
      <libsource lib="device" part="R"/>
      <sheetpath names="/" tstamps="/"/>
      <tstamp>57F7BF81</tstamp>
    </comp>
    <comp ref="D1">
      <value>LED</value>
      <footprint>LEDs:LED-5MM</footprint>
      <libsource lib="device" part="LED"/>
      <sheetpath names="/" tstamps="/"/>
      <tstamp>57F7BFA2</tstamp>
    </comp>
    <comp ref="D2">
      <value>LED</value>
      <footprint>LEDs:LED-5MM</footprint>
      <libsource lib="device" part="LED"/>
      <sheetpath names="/" tstamps="/"/>
      <tstamp>57F7C059</tstamp>
    </comp>
    <comp ref="D3">
      <value>LED</value>
      <footprint>LEDs:LED-5MM</footprint>
      <libsource lib="device" part="LED"/>
      <sheetpath names="/" tstamps="/"/>
      <tstamp>57F7C0BC</tstamp>
    </comp>
    <comp ref="D4">
      <value>LED</value>
      <footprint>LEDs:LED-5MM</footprint>
      <libsource lib="device" part="LED"/>
      <sheetpath names="/" tstamps="/"/>
      <tstamp>57F7C0C3</tstamp>
    </comp>
    <comp ref="D5">
      <value>LED</value>
      <footprint>LEDs:LED-5MM</footprint>
      <libsource lib="device" part="LED"/>
      <sheetpath names="/" tstamps="/"/>
      <tstamp>57F7C0F0</tstamp>
    </comp>
    <comp ref="R2">
      <value>330</value>
      <footprint>Resistors_ThroughHole:Resistor_Horizontal_RM7mm</footprint>
      <libsource lib="device" part="R"/>
      <sheetpath names="/" tstamps="/"/>
      <tstamp>57F7C235</tstamp>
    </comp>
    <comp ref="D6">
      <value>LED</value>
      <footprint>LEDs:LED-5MM</footprint>
      <libsource lib="device" part="LED"/>
      <sheetpath names="/" tstamps="/"/>
      <tstamp>57F7C23B</tstamp>
    </comp>
    <comp ref="D7">
      <value>LED</value>
      <footprint>LEDs:LED-5MM</footprint>
      <libsource lib="device" part="LED"/>
      <sheetpath names="/" tstamps="/"/>
      <tstamp>57F7C242</tstamp>
    </comp>
    <comp ref="D8">
      <value>LED</value>
      <footprint>LEDs:LED-5MM</footprint>
      <libsource lib="device" part="LED"/>
      <sheetpath names="/" tstamps="/"/>
      <tstamp>57F7C249</tstamp>
    </comp>
    <comp ref="D9">
      <value>LED</value>
      <footprint>LEDs:LED-5MM</footprint>
      <libsource lib="device" part="LED"/>
      <sheetpath names="/" tstamps="/"/>
      <tstamp>57F7C250</tstamp>
    </comp>
    <comp ref="D10">
      <value>LED</value>
      <footprint>LEDs:LED-5MM</footprint>
      <libsource lib="device" part="LED"/>
      <sheetpath names="/" tstamps="/"/>
      <tstamp>57F7C257</tstamp>
    </comp>
    <comp ref="R3">
      <value>330</value>
      <footprint>Resistors_ThroughHole:Resistor_Horizontal_RM7mm</footprint>
      <libsource lib="device" part="R"/>
      <sheetpath names="/" tstamps="/"/>
      <tstamp>57F7C3BA</tstamp>
    </comp>
    <comp ref="D11">
      <value>LED</value>
      <footprint>LEDs:LED-5MM</footprint>
      <libsource lib="device" part="LED"/>
      <sheetpath names="/" tstamps="/"/>
      <tstamp>57F7C3C0</tstamp>
    </comp>
    <comp ref="D12">
      <value>LED</value>
      <footprint>LEDs:LED-5MM</footprint>
      <libsource lib="device" part="LED"/>
      <sheetpath names="/" tstamps="/"/>
      <tstamp>57F7C3C7</tstamp>
    </comp>
    <comp ref="D13">
      <value>LED</value>
      <footprint>LEDs:LED-5MM</footprint>
      <libsource lib="device" part="LED"/>
      <sheetpath names="/" tstamps="/"/>
      <tstamp>57F7C3CE</tstamp>
    </comp>
    <comp ref="D14">
      <value>LED</value>
      <footprint>LEDs:LED-5MM</footprint>
      <libsource lib="device" part="LED"/>
      <sheetpath names="/" tstamps="/"/>
      <tstamp>57F7C3D5</tstamp>
    </comp>
    <comp ref="D15">
      <value>LED</value>
      <footprint>LEDs:LED-5MM</footprint>
      <libsource lib="device" part="LED"/>
      <sheetpath names="/" tstamps="/"/>
      <tstamp>57F7C3DC</tstamp>
    </comp>
    <comp ref="R4">
      <value>330</value>
      <footprint>Resistors_ThroughHole:Resistor_Horizontal_RM7mm</footprint>
      <libsource lib="device" part="R"/>
      <sheetpath names="/" tstamps="/"/>
      <tstamp>57F7C3E3</tstamp>
    </comp>
    <comp ref="D16">
      <value>LED</value>
      <footprint>LEDs:LED-5MM</footprint>
      <libsource lib="device" part="LED"/>
      <sheetpath names="/" tstamps="/"/>
      <tstamp>57F7C3E9</tstamp>
    </comp>
    <comp ref="D17">
      <value>LED</value>
      <footprint>LEDs:LED-5MM</footprint>
      <libsource lib="device" part="LED"/>
      <sheetpath names="/" tstamps="/"/>
      <tstamp>57F7C3F0</tstamp>
    </comp>
    <comp ref="D18">
      <value>LED</value>
      <footprint>LEDs:LED-5MM</footprint>
      <libsource lib="device" part="LED"/>
      <sheetpath names="/" tstamps="/"/>
      <tstamp>57F7C3F7</tstamp>
    </comp>
    <comp ref="D19">
      <value>LED</value>
      <footprint>LEDs:LED-5MM</footprint>
      <libsource lib="device" part="LED"/>
      <sheetpath names="/" tstamps="/"/>
      <tstamp>57F7C3FE</tstamp>
    </comp>
    <comp ref="D20">
      <value>LED</value>
      <footprint>LEDs:LED-5MM</footprint>
      <libsource lib="device" part="LED"/>
      <sheetpath names="/" tstamps="/"/>
      <tstamp>57F7C405</tstamp>
    </comp>
    <comp ref="R5">
      <value>330</value>
      <footprint>Resistors_ThroughHole:Resistor_Horizontal_RM7mm</footprint>
      <libsource lib="device" part="R"/>
      <sheetpath names="/" tstamps="/"/>
      <tstamp>57F7C47E</tstamp>
    </comp>
    <comp ref="D21">
      <value>LED</value>
      <footprint>LEDs:LED-5MM</footprint>
      <libsource lib="device" part="LED"/>
      <sheetpath names="/" tstamps="/"/>
      <tstamp>57F7C484</tstamp>
    </comp>
    <comp ref="D22">
      <value>LED</value>
      <footprint>LEDs:LED-5MM</footprint>
      <libsource lib="device" part="LED"/>
      <sheetpath names="/" tstamps="/"/>
      <tstamp>57F7C48B</tstamp>
    </comp>
    <comp ref="D23">
      <value>LED</value>
      <footprint>LEDs:LED-5MM</footprint>
      <libsource lib="device" part="LED"/>
      <sheetpath names="/" tstamps="/"/>
      <tstamp>57F7C492</tstamp>
    </comp>
    <comp ref="D24">
      <value>LED</value>
      <footprint>LEDs:LED-5MM</footprint>
      <libsource lib="device" part="LED"/>
      <sheetpath names="/" tstamps="/"/>
      <tstamp>57F7C499</tstamp>
    </comp>
    <comp ref="D25">
      <value>LED</value>
      <footprint>LEDs:LED-5MM</footprint>
      <libsource lib="device" part="LED"/>
      <sheetpath names="/" tstamps="/"/>
      <tstamp>57F7C4A0</tstamp>
    </comp>
    <comp ref="R6">
      <value>330</value>
      <footprint>Resistors_ThroughHole:Resistor_Horizontal_RM7mm</footprint>
      <libsource lib="device" part="R"/>
      <sheetpath names="/" tstamps="/"/>
      <tstamp>57F7C849</tstamp>
    </comp>
    <comp ref="D26">
      <value>LED</value>
      <footprint>LEDs:LED-5MM</footprint>
      <libsource lib="device" part="LED"/>
      <sheetpath names="/" tstamps="/"/>
      <tstamp>57F7C84F</tstamp>
    </comp>
    <comp ref="D27">
      <value>LED</value>
      <footprint>LEDs:LED-5MM</footprint>
      <libsource lib="device" part="LED"/>
      <sheetpath names="/" tstamps="/"/>
      <tstamp>57F7C856</tstamp>
    </comp>
    <comp ref="D28">
      <value>LED</value>
      <footprint>LEDs:LED-5MM</footprint>
      <libsource lib="device" part="LED"/>
      <sheetpath names="/" tstamps="/"/>
      <tstamp>57F7C85D</tstamp>
    </comp>
    <comp ref="D29">
      <value>LED</value>
      <footprint>LEDs:LED-5MM</footprint>
      <libsource lib="device" part="LED"/>
      <sheetpath names="/" tstamps="/"/>
      <tstamp>57F7C864</tstamp>
    </comp>
    <comp ref="D30">
      <value>LED</value>
      <footprint>LEDs:LED-5MM</footprint>
      <libsource lib="device" part="LED"/>
      <sheetpath names="/" tstamps="/"/>
      <tstamp>57F7C86B</tstamp>
    </comp>
    <comp ref="R7">
      <value>330</value>
      <footprint>Resistors_ThroughHole:Resistor_Horizontal_RM7mm</footprint>
      <libsource lib="device" part="R"/>
      <sheetpath names="/" tstamps="/"/>
      <tstamp>57F7C872</tstamp>
    </comp>
    <comp ref="D31">
      <value>LED</value>
      <footprint>LEDs:LED-5MM</footprint>
      <libsource lib="device" part="LED"/>
      <sheetpath names="/" tstamps="/"/>
      <tstamp>57F7C878</tstamp>
    </comp>
    <comp ref="D32">
      <value>LED</value>
      <footprint>LEDs:LED-5MM</footprint>
      <libsource lib="device" part="LED"/>
      <sheetpath names="/" tstamps="/"/>
      <tstamp>57F7C87F</tstamp>
    </comp>
    <comp ref="D33">
      <value>LED</value>
      <footprint>LEDs:LED-5MM</footprint>
      <libsource lib="device" part="LED"/>
      <sheetpath names="/" tstamps="/"/>
      <tstamp>57F7C886</tstamp>
    </comp>
    <comp ref="D34">
      <value>LED</value>
      <footprint>LEDs:LED-5MM</footprint>
      <libsource lib="device" part="LED"/>
      <sheetpath names="/" tstamps="/"/>
      <tstamp>57F7C88D</tstamp>
    </comp>
    <comp ref="D35">
      <value>LED</value>
      <footprint>LEDs:LED-5MM</footprint>
      <libsource lib="device" part="LED"/>
      <sheetpath names="/" tstamps="/"/>
      <tstamp>57F7C894</tstamp>
    </comp>
    <comp ref="R8">
      <value>330</value>
      <footprint>Resistors_ThroughHole:Resistor_Horizontal_RM7mm</footprint>
      <libsource lib="device" part="R"/>
      <sheetpath names="/" tstamps="/"/>
      <tstamp>57F7C89B</tstamp>
    </comp>
    <comp ref="D36">
      <value>LED</value>
      <footprint>LEDs:LED-5MM</footprint>
      <libsource lib="device" part="LED"/>
      <sheetpath names="/" tstamps="/"/>
      <tstamp>57F7C8A1</tstamp>
    </comp>
    <comp ref="D37">
      <value>LED</value>
      <footprint>LEDs:LED-5MM</footprint>
      <libsource lib="device" part="LED"/>
      <sheetpath names="/" tstamps="/"/>
      <tstamp>57F7C8A8</tstamp>
    </comp>
    <comp ref="D38">
      <value>LED</value>
      <footprint>LEDs:LED-5MM</footprint>
      <libsource lib="device" part="LED"/>
      <sheetpath names="/" tstamps="/"/>
      <tstamp>57F7C8AF</tstamp>
    </comp>
    <comp ref="D39">
      <value>LED</value>
      <footprint>LEDs:LED-5MM</footprint>
      <libsource lib="device" part="LED"/>
      <sheetpath names="/" tstamps="/"/>
      <tstamp>57F7C8B6</tstamp>
    </comp>
    <comp ref="D40">
      <value>LED</value>
      <footprint>LEDs:LED-5MM</footprint>
      <libsource lib="device" part="LED"/>
      <sheetpath names="/" tstamps="/"/>
      <tstamp>57F7C8BD</tstamp>
    </comp>
    <comp ref="R9">
      <value>330</value>
      <footprint>Resistors_ThroughHole:Resistor_Horizontal_RM7mm</footprint>
      <libsource lib="device" part="R"/>
      <sheetpath names="/" tstamps="/"/>
      <tstamp>57F7C8C4</tstamp>
    </comp>
    <comp ref="D41">
      <value>LED</value>
      <footprint>LEDs:LED-5MM</footprint>
      <libsource lib="device" part="LED"/>
      <sheetpath names="/" tstamps="/"/>
      <tstamp>57F7C8CA</tstamp>
    </comp>
    <comp ref="D42">
      <value>LED</value>
      <footprint>LEDs:LED-5MM</footprint>
      <libsource lib="device" part="LED"/>
      <sheetpath names="/" tstamps="/"/>
      <tstamp>57F7C8D1</tstamp>
    </comp>
    <comp ref="D43">
      <value>LED</value>
      <footprint>LEDs:LED-5MM</footprint>
      <libsource lib="device" part="LED"/>
      <sheetpath names="/" tstamps="/"/>
      <tstamp>57F7C8D8</tstamp>
    </comp>
    <comp ref="D44">
      <value>LED</value>
      <footprint>LEDs:LED-5MM</footprint>
      <libsource lib="device" part="LED"/>
      <sheetpath names="/" tstamps="/"/>
      <tstamp>57F7C8DF</tstamp>
    </comp>
    <comp ref="D45">
      <value>LED</value>
      <footprint>LEDs:LED-5MM</footprint>
      <libsource lib="device" part="LED"/>
      <sheetpath names="/" tstamps="/"/>
      <tstamp>57F7C8E6</tstamp>
    </comp>
    <comp ref="R10">
      <value>330</value>
      <footprint>Resistors_ThroughHole:Resistor_Horizontal_RM7mm</footprint>
      <libsource lib="device" part="R"/>
      <sheetpath names="/" tstamps="/"/>
      <tstamp>57F7C8ED</tstamp>
    </comp>
    <comp ref="D46">
      <value>LED</value>
      <footprint>LEDs:LED-5MM</footprint>
      <libsource lib="device" part="LED"/>
      <sheetpath names="/" tstamps="/"/>
      <tstamp>57F7C8F3</tstamp>
    </comp>
    <comp ref="D47">
      <value>LED</value>
      <footprint>LEDs:LED-5MM</footprint>
      <libsource lib="device" part="LED"/>
      <sheetpath names="/" tstamps="/"/>
      <tstamp>57F7C8FA</tstamp>
    </comp>
    <comp ref="D48">
      <value>LED</value>
      <footprint>LEDs:LED-5MM</footprint>
      <libsource lib="device" part="LED"/>
      <sheetpath names="/" tstamps="/"/>
      <tstamp>57F7C901</tstamp>
    </comp>
    <comp ref="D49">
      <value>LED</value>
      <footprint>LEDs:LED-5MM</footprint>
      <libsource lib="device" part="LED"/>
      <sheetpath names="/" tstamps="/"/>
      <tstamp>57F7C908</tstamp>
    </comp>
    <comp ref="D50">
      <value>LED</value>
      <footprint>LEDs:LED-5MM</footprint>
      <libsource lib="device" part="LED"/>
      <sheetpath names="/" tstamps="/"/>
      <tstamp>57F7C90F</tstamp>
    </comp>
    <comp ref="R11">
      <value>330</value>
      <footprint>Resistors_ThroughHole:Resistor_Horizontal_RM7mm</footprint>
      <libsource lib="device" part="R"/>
      <sheetpath names="/" tstamps="/"/>
      <tstamp>57F7D86B</tstamp>
    </comp>
    <comp ref="D51">
      <value>LED</value>
      <footprint>LEDs:LED-5MM</footprint>
      <libsource lib="device" part="LED"/>
      <sheetpath names="/" tstamps="/"/>
      <tstamp>57F7D871</tstamp>
    </comp>
    <comp ref="D52">
      <value>LED</value>
      <footprint>LEDs:LED-5MM</footprint>
      <libsource lib="device" part="LED"/>
      <sheetpath names="/" tstamps="/"/>
      <tstamp>57F7D878</tstamp>
    </comp>
    <comp ref="D53">
      <value>LED</value>
      <footprint>LEDs:LED-5MM</footprint>
      <libsource lib="device" part="LED"/>
      <sheetpath names="/" tstamps="/"/>
      <tstamp>57F7D87F</tstamp>
    </comp>
    <comp ref="D54">
      <value>LED</value>
      <footprint>LEDs:LED-5MM</footprint>
      <libsource lib="device" part="LED"/>
      <sheetpath names="/" tstamps="/"/>
      <tstamp>57F7D886</tstamp>
    </comp>
    <comp ref="D55">
      <value>LED</value>
      <footprint>LEDs:LED-5MM</footprint>
      <libsource lib="device" part="LED"/>
      <sheetpath names="/" tstamps="/"/>
      <tstamp>57F7D88D</tstamp>
    </comp>
    <comp ref="R12">
      <value>330</value>
      <footprint>Resistors_ThroughHole:Resistor_Horizontal_RM7mm</footprint>
      <libsource lib="device" part="R"/>
      <sheetpath names="/" tstamps="/"/>
      <tstamp>57F7D894</tstamp>
    </comp>
    <comp ref="D56">
      <value>LED</value>
      <footprint>LEDs:LED-5MM</footprint>
      <libsource lib="device" part="LED"/>
      <sheetpath names="/" tstamps="/"/>
      <tstamp>57F7D89A</tstamp>
    </comp>
    <comp ref="D57">
      <value>LED</value>
      <footprint>LEDs:LED-5MM</footprint>
      <libsource lib="device" part="LED"/>
      <sheetpath names="/" tstamps="/"/>
      <tstamp>57F7D8A1</tstamp>
    </comp>
    <comp ref="D58">
      <value>LED</value>
      <footprint>LEDs:LED-5MM</footprint>
      <libsource lib="device" part="LED"/>
      <sheetpath names="/" tstamps="/"/>
      <tstamp>57F7D8A8</tstamp>
    </comp>
    <comp ref="D59">
      <value>LED</value>
      <footprint>LEDs:LED-5MM</footprint>
      <libsource lib="device" part="LED"/>
      <sheetpath names="/" tstamps="/"/>
      <tstamp>57F7D8AF</tstamp>
    </comp>
    <comp ref="D60">
      <value>LED</value>
      <footprint>LEDs:LED-5MM</footprint>
      <libsource lib="device" part="LED"/>
      <sheetpath names="/" tstamps="/"/>
      <tstamp>57F7D8B6</tstamp>
    </comp>
    <comp ref="R13">
      <value>330</value>
      <footprint>Resistors_ThroughHole:Resistor_Horizontal_RM7mm</footprint>
      <libsource lib="device" part="R"/>
      <sheetpath names="/" tstamps="/"/>
      <tstamp>57F7D8BD</tstamp>
    </comp>
    <comp ref="D61">
      <value>LED</value>
      <footprint>LEDs:LED-5MM</footprint>
      <libsource lib="device" part="LED"/>
      <sheetpath names="/" tstamps="/"/>
      <tstamp>57F7D8C3</tstamp>
    </comp>
    <comp ref="D62">
      <value>LED</value>
      <footprint>LEDs:LED-5MM</footprint>
      <libsource lib="device" part="LED"/>
      <sheetpath names="/" tstamps="/"/>
      <tstamp>57F7D8CA</tstamp>
    </comp>
    <comp ref="D63">
      <value>LED</value>
      <footprint>LEDs:LED-5MM</footprint>
      <libsource lib="device" part="LED"/>
      <sheetpath names="/" tstamps="/"/>
      <tstamp>57F7D8D1</tstamp>
    </comp>
    <comp ref="D64">
      <value>LED</value>
      <footprint>LEDs:LED-5MM</footprint>
      <libsource lib="device" part="LED"/>
      <sheetpath names="/" tstamps="/"/>
      <tstamp>57F7D8D8</tstamp>
    </comp>
    <comp ref="D65">
      <value>LED</value>
      <footprint>LEDs:LED-5MM</footprint>
      <libsource lib="device" part="LED"/>
      <sheetpath names="/" tstamps="/"/>
      <tstamp>57F7D8DF</tstamp>
    </comp>
    <comp ref="R14">
      <value>330</value>
      <footprint>Resistors_ThroughHole:Resistor_Horizontal_RM7mm</footprint>
      <libsource lib="device" part="R"/>
      <sheetpath names="/" tstamps="/"/>
      <tstamp>57F7D8E6</tstamp>
    </comp>
    <comp ref="D66">
      <value>LED</value>
      <footprint>LEDs:LED-5MM</footprint>
      <libsource lib="device" part="LED"/>
      <sheetpath names="/" tstamps="/"/>
      <tstamp>57F7D8EC</tstamp>
    </comp>
    <comp ref="D67">
      <value>LED</value>
      <footprint>LEDs:LED-5MM</footprint>
      <libsource lib="device" part="LED"/>
      <sheetpath names="/" tstamps="/"/>
      <tstamp>57F7D8F3</tstamp>
    </comp>
    <comp ref="D68">
      <value>LED</value>
      <footprint>LEDs:LED-5MM</footprint>
      <libsource lib="device" part="LED"/>
      <sheetpath names="/" tstamps="/"/>
      <tstamp>57F7D8FA</tstamp>
    </comp>
    <comp ref="D69">
      <value>LED</value>
      <footprint>LEDs:LED-5MM</footprint>
      <libsource lib="device" part="LED"/>
      <sheetpath names="/" tstamps="/"/>
      <tstamp>57F7D901</tstamp>
    </comp>
    <comp ref="D70">
      <value>LED</value>
      <footprint>LEDs:LED-5MM</footprint>
      <libsource lib="device" part="LED"/>
      <sheetpath names="/" tstamps="/"/>
      <tstamp>57F7D908</tstamp>
    </comp>
    <comp ref="R15">
      <value>330</value>
      <footprint>Resistors_ThroughHole:Resistor_Horizontal_RM7mm</footprint>
      <libsource lib="device" part="R"/>
      <sheetpath names="/" tstamps="/"/>
      <tstamp>57F7D90F</tstamp>
    </comp>
    <comp ref="D71">
      <value>LED</value>
      <footprint>LEDs:LED-5MM</footprint>
      <libsource lib="device" part="LED"/>
      <sheetpath names="/" tstamps="/"/>
      <tstamp>57F7D915</tstamp>
    </comp>
    <comp ref="D72">
      <value>LED</value>
      <footprint>LEDs:LED-5MM</footprint>
      <libsource lib="device" part="LED"/>
      <sheetpath names="/" tstamps="/"/>
      <tstamp>57F7D91C</tstamp>
    </comp>
    <comp ref="D73">
      <value>LED</value>
      <footprint>LEDs:LED-5MM</footprint>
      <libsource lib="device" part="LED"/>
      <sheetpath names="/" tstamps="/"/>
      <tstamp>57F7D923</tstamp>
    </comp>
    <comp ref="D74">
      <value>LED</value>
      <footprint>LEDs:LED-5MM</footprint>
      <libsource lib="device" part="LED"/>
      <sheetpath names="/" tstamps="/"/>
      <tstamp>57F7D92A</tstamp>
    </comp>
    <comp ref="D75">
      <value>LED</value>
      <footprint>LEDs:LED-5MM</footprint>
      <libsource lib="device" part="LED"/>
      <sheetpath names="/" tstamps="/"/>
      <tstamp>57F7D931</tstamp>
    </comp>
    <comp ref="R16">
      <value>330</value>
      <footprint>Resistors_ThroughHole:Resistor_Horizontal_RM7mm</footprint>
      <libsource lib="device" part="R"/>
      <sheetpath names="/" tstamps="/"/>
      <tstamp>57F916A1</tstamp>
    </comp>
    <comp ref="D76">
      <value>LED</value>
      <footprint>LEDs:LED-5MM</footprint>
      <libsource lib="device" part="LED"/>
      <sheetpath names="/" tstamps="/"/>
      <tstamp>57F916A7</tstamp>
    </comp>
    <comp ref="D77">
      <value>LED</value>
      <footprint>LEDs:LED-5MM</footprint>
      <libsource lib="device" part="LED"/>
      <sheetpath names="/" tstamps="/"/>
      <tstamp>57F916AD</tstamp>
    </comp>
    <comp ref="D78">
      <value>LED</value>
      <footprint>LEDs:LED-5MM</footprint>
      <libsource lib="device" part="LED"/>
      <sheetpath names="/" tstamps="/"/>
      <tstamp>57F916B3</tstamp>
    </comp>
    <comp ref="D79">
      <value>LED</value>
      <footprint>LEDs:LED-5MM</footprint>
      <libsource lib="device" part="LED"/>
      <sheetpath names="/" tstamps="/"/>
      <tstamp>57F916B9</tstamp>
    </comp>
    <comp ref="D80">
      <value>LED</value>
      <footprint>LEDs:LED-5MM</footprint>
      <libsource lib="device" part="LED"/>
      <sheetpath names="/" tstamps="/"/>
      <tstamp>57F916BF</tstamp>
    </comp>
    <comp ref="R17">
      <value>330</value>
      <footprint>Resistors_ThroughHole:Resistor_Horizontal_RM7mm</footprint>
      <libsource lib="device" part="R"/>
      <sheetpath names="/" tstamps="/"/>
      <tstamp>57F916C5</tstamp>
    </comp>
    <comp ref="D81">
      <value>LED</value>
      <footprint>LEDs:LED-5MM</footprint>
      <libsource lib="device" part="LED"/>
      <sheetpath names="/" tstamps="/"/>
      <tstamp>57F916CB</tstamp>
    </comp>
    <comp ref="D82">
      <value>LED</value>
      <footprint>LEDs:LED-5MM</footprint>
      <libsource lib="device" part="LED"/>
      <sheetpath names="/" tstamps="/"/>
      <tstamp>57F916D1</tstamp>
    </comp>
    <comp ref="D83">
      <value>LED</value>
      <footprint>LEDs:LED-5MM</footprint>
      <libsource lib="device" part="LED"/>
      <sheetpath names="/" tstamps="/"/>
      <tstamp>57F916D7</tstamp>
    </comp>
    <comp ref="D84">
      <value>LED</value>
      <footprint>LEDs:LED-5MM</footprint>
      <libsource lib="device" part="LED"/>
      <sheetpath names="/" tstamps="/"/>
      <tstamp>57F916DD</tstamp>
    </comp>
    <comp ref="D85">
      <value>LED</value>
      <footprint>LEDs:LED-5MM</footprint>
      <libsource lib="device" part="LED"/>
      <sheetpath names="/" tstamps="/"/>
      <tstamp>57F916E3</tstamp>
    </comp>
    <comp ref="R18">
      <value>330</value>
      <footprint>Resistors_ThroughHole:Resistor_Horizontal_RM7mm</footprint>
      <libsource lib="device" part="R"/>
      <sheetpath names="/" tstamps="/"/>
      <tstamp>57F916E9</tstamp>
    </comp>
    <comp ref="D86">
      <value>LED</value>
      <footprint>LEDs:LED-5MM</footprint>
      <libsource lib="device" part="LED"/>
      <sheetpath names="/" tstamps="/"/>
      <tstamp>57F916EF</tstamp>
    </comp>
    <comp ref="D87">
      <value>LED</value>
      <footprint>LEDs:LED-5MM</footprint>
      <libsource lib="device" part="LED"/>
      <sheetpath names="/" tstamps="/"/>
      <tstamp>57F916F5</tstamp>
    </comp>
    <comp ref="D88">
      <value>LED</value>
      <footprint>LEDs:LED-5MM</footprint>
      <libsource lib="device" part="LED"/>
      <sheetpath names="/" tstamps="/"/>
      <tstamp>57F916FB</tstamp>
    </comp>
    <comp ref="D89">
      <value>LED</value>
      <footprint>LEDs:LED-5MM</footprint>
      <libsource lib="device" part="LED"/>
      <sheetpath names="/" tstamps="/"/>
      <tstamp>57F91701</tstamp>
    </comp>
    <comp ref="D90">
      <value>LED</value>
      <footprint>LEDs:LED-5MM</footprint>
      <libsource lib="device" part="LED"/>
      <sheetpath names="/" tstamps="/"/>
      <tstamp>57F91707</tstamp>
    </comp>
    <comp ref="R19">
      <value>330</value>
      <footprint>Resistors_ThroughHole:Resistor_Horizontal_RM7mm</footprint>
      <libsource lib="device" part="R"/>
      <sheetpath names="/" tstamps="/"/>
      <tstamp>57F9170D</tstamp>
    </comp>
    <comp ref="D91">
      <value>LED</value>
      <footprint>LEDs:LED-5MM</footprint>
      <libsource lib="device" part="LED"/>
      <sheetpath names="/" tstamps="/"/>
      <tstamp>57F91713</tstamp>
    </comp>
    <comp ref="D92">
      <value>LED</value>
      <footprint>LEDs:LED-5MM</footprint>
      <libsource lib="device" part="LED"/>
      <sheetpath names="/" tstamps="/"/>
      <tstamp>57F91719</tstamp>
    </comp>
    <comp ref="D93">
      <value>LED</value>
      <footprint>LEDs:LED-5MM</footprint>
      <libsource lib="device" part="LED"/>
      <sheetpath names="/" tstamps="/"/>
      <tstamp>57F9171F</tstamp>
    </comp>
    <comp ref="D94">
      <value>LED</value>
      <footprint>LEDs:LED-5MM</footprint>
      <libsource lib="device" part="LED"/>
      <sheetpath names="/" tstamps="/"/>
      <tstamp>57F91725</tstamp>
    </comp>
    <comp ref="D95">
      <value>LED</value>
      <footprint>LEDs:LED-5MM</footprint>
      <libsource lib="device" part="LED"/>
      <sheetpath names="/" tstamps="/"/>
      <tstamp>57F9172B</tstamp>
    </comp>
    <comp ref="R20">
      <value>330</value>
      <footprint>Resistors_ThroughHole:Resistor_Horizontal_RM7mm</footprint>
      <libsource lib="device" part="R"/>
      <sheetpath names="/" tstamps="/"/>
      <tstamp>57F91731</tstamp>
    </comp>
    <comp ref="D96">
      <value>LED</value>
      <footprint>LEDs:LED-5MM</footprint>
      <libsource lib="device" part="LED"/>
      <sheetpath names="/" tstamps="/"/>
      <tstamp>57F91737</tstamp>
    </comp>
    <comp ref="D97">
      <value>LED</value>
      <footprint>LEDs:LED-5MM</footprint>
      <libsource lib="device" part="LED"/>
      <sheetpath names="/" tstamps="/"/>
      <tstamp>57F9173D</tstamp>
    </comp>
    <comp ref="D98">
      <value>LED</value>
      <footprint>LEDs:LED-5MM</footprint>
      <libsource lib="device" part="LED"/>
      <sheetpath names="/" tstamps="/"/>
      <tstamp>57F91743</tstamp>
    </comp>
    <comp ref="D99">
      <value>LED</value>
      <footprint>LEDs:LED-5MM</footprint>
      <libsource lib="device" part="LED"/>
      <sheetpath names="/" tstamps="/"/>
      <tstamp>57F91749</tstamp>
    </comp>
    <comp ref="D100">
      <value>LED</value>
      <footprint>LEDs:LED-5MM</footprint>
      <libsource lib="device" part="LED"/>
      <sheetpath names="/" tstamps="/"/>
      <tstamp>57F9174F</tstamp>
    </comp>
    <comp ref="Q1">
      <value>TIP120</value>
      <footprint>TO_SOT_Packages_THT:TO-220_Neutral123_Horizontal</footprint>
      <libsource lib="transistors" part="TIP120"/>
      <sheetpath names="/" tstamps="/"/>
      <tstamp>57F9DEE5</tstamp>
    </comp>
    <comp ref="SW1">
      <value>SPST</value>
      <footprint>Buttons_Switches_ThroughHole:SW_DIP_x1_Slide</footprint>
      <libsource lib="device" part="SPST"/>
      <sheetpath names="/" tstamps="/"/>
      <tstamp>57F9EA09</tstamp>
    </comp>
    <comp ref="R23">
      <value>Np</value>
      <footprint>Resistors_ThroughHole:Resistor_Horizontal_RM7mm</footprint>
      <libsource lib="device" part="R"/>
      <sheetpath names="/" tstamps="/"/>
      <tstamp>57FA35F1</tstamp>
    </comp>
    <comp ref="R22">
      <value>Np</value>
      <footprint>Resistors_ThroughHole:Resistor_Horizontal_RM7mm</footprint>
      <libsource lib="device" part="R"/>
      <sheetpath names="/" tstamps="/"/>
      <tstamp>57FA3941</tstamp>
    </comp>
    <comp ref="R21">
      <value>1k</value>
      <footprint>Resistors_ThroughHole:Resistor_Horizontal_RM7mm</footprint>
      <libsource lib="device" part="R"/>
      <sheetpath names="/" tstamps="/"/>
      <tstamp>57FAB026</tstamp>
    </comp>
    <comp ref="CON1">
      <value>BARREL_JACK</value>
      <footprint>Connect:BARREL_JACK</footprint>
      <libsource lib="conn" part="BARREL_JACK"/>
      <sheetpath names="/" tstamps="/"/>
      <tstamp>5812640C</tstamp>
    </comp>
    <comp ref="P1">
      <value>CONN_01X02</value>
      <footprint>Pin_Headers:Pin_Header_Straight_1x02</footprint>
      <libsource lib="conn" part="CONN_01X02"/>
      <sheetpath names="/" tstamps="/"/>
      <tstamp>58079684</tstamp>
    </comp>
  </components>
  <libparts>
    <libpart lib="conn" part="BARREL_JACK">
      <description>DC Barrel Jack</description>
      <fields>
        <field name="Reference">CON</field>
        <field name="Value">BARREL_JACK</field>
      </fields>
      <pins>
        <pin num="1" name="~" type="power_in"/>
        <pin num="2" name="~" type="power_out"/>
        <pin num="3" name="~" type="NotConnected"/>
      </pins>
    </libpart>
    <libpart lib="conn" part="CONN_01X02">
      <description>Connector 01x02</description>
      <footprints>
        <fp>Pin_Header_Straight_1X02</fp>
        <fp>Pin_Header_Angled_1X02</fp>
        <fp>Socket_Strip_Straight_1X02</fp>
        <fp>Socket_Strip_Angled_1X02</fp>
      </footprints>
      <fields>
        <field name="Reference">P</field>
        <field name="Value">CONN_01X02</field>
      </fields>
      <pins>
        <pin num="1" name="P1" type="passive"/>
        <pin num="2" name="P2" type="passive"/>
      </pins>
    </libpart>
    <libpart lib="device" part="LED">
      <footprints>
        <fp>LED-3MM</fp>
        <fp>LED-5MM</fp>
        <fp>LED-10MM</fp>
        <fp>LED-0603</fp>
        <fp>LED-0805</fp>
        <fp>LED-1206</fp>
        <fp>LEDV</fp>
      </footprints>
      <fields>
        <field name="Reference">D</field>
        <field name="Value">LED</field>
      </fields>
      <pins>
        <pin num="1" name="K" type="passive"/>
        <pin num="2" name="A" type="passive"/>
      </pins>
    </libpart>
    <libpart lib="device" part="R">
      <description>Resistor</description>
      <footprints>
        <fp>R_*</fp>
        <fp>Resistor_*</fp>
      </footprints>
      <fields>
        <field name="Reference">R</field>
        <field name="Value">R</field>
      </fields>
      <pins>
        <pin num="1" name="~" type="passive"/>
        <pin num="2" name="~" type="passive"/>
      </pins>
    </libpart>
    <libpart lib="device" part="SPST">
      <description>Interrupteur simple</description>
      <fields>
        <field name="Reference">SW</field>
        <field name="Value">SPST</field>
      </fields>
      <pins>
        <pin num="1" name="1" type="input"/>
        <pin num="2" name="2" type="input"/>
      </pins>
    </libpart>
    <libpart lib="transistors" part="TIP120">
      <aliases>
        <alias>TIP121</alias>
        <alias>TIP122</alias>
      </aliases>
      <description>5A Ic, 60V Vce, Silicon Darlington Power Transistor NPN, TO-220</description>
      <docs>http://www.fairchildsemi.com/ds/TI/TIP120.pdf</docs>
      <footprints>
        <fp>TO-220*</fp>
      </footprints>
      <fields>
        <field name="Reference">Q</field>
        <field name="Value">TIP120</field>
        <field name="Footprint">TO-220</field>
      </fields>
      <pins>
        <pin num="1" name="B" type="input"/>
        <pin num="2" name="C" type="passive"/>
        <pin num="3" name="E" type="passive"/>
      </pins>
    </libpart>
  </libparts>
  <libraries>
    <library logical="conn">
      <uri>/Library/Application Support/kicad/library/conn.lib</uri>
    </library>
    <library logical="device">
      <uri>/Library/Application Support/kicad/library/device.lib</uri>
    </library>
    <library logical="transistors">
      <uri>/Library/Application Support/kicad/library/transistors.lib</uri>
    </library>
  </libraries>
  <nets>
    <net code="1" name="Net-(D46-Pad1)">
      <node ref="D47" pin="2"/>
      <node ref="D46" pin="1"/>
    </net>
    <net code="2" name="Net-(D44-Pad1)">
      <node ref="D45" pin="2"/>
      <node ref="D44" pin="1"/>
    </net>
    <net code="3" name="Net-(D43-Pad1)">
      <node ref="D43" pin="1"/>
      <node ref="D44" pin="2"/>
    </net>
    <net code="4" name="Net-(D42-Pad1)">
      <node ref="D42" pin="1"/>
      <node ref="D43" pin="2"/>
    </net>
    <net code="5" name="Net-(D41-Pad1)">
      <node ref="D42" pin="2"/>
      <node ref="D41" pin="1"/>
    </net>
    <net code="6" name="Net-(D39-Pad1)">
      <node ref="D39" pin="1"/>
      <node ref="D40" pin="2"/>
    </net>
    <net code="7" name="Net-(D38-Pad1)">
      <node ref="D38" pin="1"/>
      <node ref="D39" pin="2"/>
    </net>
    <net code="8" name="Net-(D37-Pad1)">
      <node ref="D37" pin="1"/>
      <node ref="D38" pin="2"/>
    </net>
    <net code="9" name="Net-(D36-Pad1)">
      <node ref="D36" pin="1"/>
      <node ref="D37" pin="2"/>
    </net>
    <net code="10" name="Net-(D34-Pad1)">
      <node ref="D35" pin="2"/>
      <node ref="D34" pin="1"/>
    </net>
    <net code="11" name="Net-(D33-Pad1)">
      <node ref="D34" pin="2"/>
      <node ref="D33" pin="1"/>
    </net>
    <net code="12" name="Net-(D32-Pad1)">
      <node ref="D33" pin="2"/>
      <node ref="D32" pin="1"/>
    </net>
    <net code="13" name="Net-(D31-Pad1)">
      <node ref="D32" pin="2"/>
      <node ref="D31" pin="1"/>
    </net>
    <net code="14" name="Net-(D29-Pad1)">
      <node ref="D30" pin="2"/>
      <node ref="D29" pin="1"/>
    </net>
    <net code="15" name="Net-(D28-Pad1)">
      <node ref="D29" pin="2"/>
      <node ref="D28" pin="1"/>
    </net>
    <net code="16" name="Net-(D27-Pad1)">
      <node ref="D28" pin="2"/>
      <node ref="D27" pin="1"/>
    </net>
    <net code="17" name="Net-(D26-Pad1)">
      <node ref="D27" pin="2"/>
      <node ref="D26" pin="1"/>
    </net>
    <net code="18" name="Net-(D24-Pad1)">
      <node ref="D24" pin="1"/>
      <node ref="D25" pin="2"/>
    </net>
    <net code="19" name="Net-(D23-Pad1)">
      <node ref="D23" pin="1"/>
      <node ref="D24" pin="2"/>
    </net>
    <net code="20" name="Net-(D22-Pad1)">
      <node ref="D23" pin="2"/>
      <node ref="D22" pin="1"/>
    </net>
    <net code="21" name="Net-(D21-Pad1)">
      <node ref="D22" pin="2"/>
      <node ref="D21" pin="1"/>
    </net>
    <net code="22" name="Net-(D19-Pad1)">
      <node ref="D20" pin="2"/>
      <node ref="D19" pin="1"/>
    </net>
    <net code="23" name="Net-(D18-Pad1)">
      <node ref="D19" pin="2"/>
      <node ref="D18" pin="1"/>
    </net>
    <net code="24" name="Net-(D17-Pad1)">
      <node ref="D18" pin="2"/>
      <node ref="D17" pin="1"/>
    </net>
    <net code="25" name="Net-(D16-Pad1)">
      <node ref="D16" pin="1"/>
      <node ref="D17" pin="2"/>
    </net>
    <net code="26" name="Net-(D14-Pad1)">
      <node ref="D14" pin="1"/>
      <node ref="D15" pin="2"/>
    </net>
    <net code="27" name="Net-(D78-Pad1)">
      <node ref="D78" pin="1"/>
      <node ref="D79" pin="2"/>
    </net>
    <net code="28" name="Net-(D77-Pad1)">
      <node ref="D77" pin="1"/>
      <node ref="D78" pin="2"/>
    </net>
    <net code="29" name="Net-(D76-Pad1)">
      <node ref="D77" pin="2"/>
      <node ref="D76" pin="1"/>
    </net>
    <net code="30" name="Net-(D74-Pad1)">
      <node ref="D74" pin="1"/>
      <node ref="D75" pin="2"/>
    </net>
    <net code="31" name="Net-(D73-Pad1)">
      <node ref="D73" pin="1"/>
      <node ref="D74" pin="2"/>
    </net>
    <net code="32" name="Net-(D72-Pad1)">
      <node ref="D73" pin="2"/>
      <node ref="D72" pin="1"/>
    </net>
    <net code="33" name="Net-(D71-Pad1)">
      <node ref="D72" pin="2"/>
      <node ref="D71" pin="1"/>
    </net>
    <net code="34" name="Net-(D69-Pad1)">
      <node ref="D69" pin="1"/>
      <node ref="D70" pin="2"/>
    </net>
    <net code="35" name="Net-(D68-Pad1)">
      <node ref="D68" pin="1"/>
      <node ref="D69" pin="2"/>
    </net>
    <net code="36" name="Net-(D67-Pad1)">
      <node ref="D68" pin="2"/>
      <node ref="D67" pin="1"/>
    </net>
    <net code="37" name="Net-(D66-Pad1)">
      <node ref="D67" pin="2"/>
      <node ref="D66" pin="1"/>
    </net>
    <net code="38" name="Net-(D64-Pad1)">
      <node ref="D64" pin="1"/>
      <node ref="D65" pin="2"/>
    </net>
    <net code="39" name="Net-(D63-Pad1)">
      <node ref="D63" pin="1"/>
      <node ref="D64" pin="2"/>
    </net>
    <net code="40" name="Net-(D62-Pad1)">
      <node ref="D62" pin="1"/>
      <node ref="D63" pin="2"/>
    </net>
    <net code="41" name="Net-(D61-Pad1)">
      <node ref="D62" pin="2"/>
      <node ref="D61" pin="1"/>
    </net>
    <net code="42" name="Net-(D59-Pad1)">
      <node ref="D59" pin="1"/>
      <node ref="D60" pin="2"/>
    </net>
    <net code="43" name="Net-(D58-Pad1)">
      <node ref="D58" pin="1"/>
      <node ref="D59" pin="2"/>
    </net>
    <net code="44" name="Net-(D57-Pad1)">
      <node ref="D57" pin="1"/>
      <node ref="D58" pin="2"/>
    </net>
    <net code="45" name="Net-(D56-Pad1)">
      <node ref="D57" pin="2"/>
      <node ref="D56" pin="1"/>
    </net>
    <net code="46" name="Net-(D54-Pad1)">
      <node ref="D54" pin="1"/>
      <node ref="D55" pin="2"/>
    </net>
    <net code="47" name="Net-(D53-Pad1)">
      <node ref="D54" pin="2"/>
      <node ref="D53" pin="1"/>
    </net>
    <net code="48" name="Net-(D52-Pad1)">
      <node ref="D53" pin="2"/>
      <node ref="D52" pin="1"/>
    </net>
    <net code="49" name="Net-(D51-Pad1)">
      <node ref="D51" pin="1"/>
      <node ref="D52" pin="2"/>
    </net>
    <net code="50" name="Net-(D49-Pad1)">
      <node ref="D50" pin="2"/>
      <node ref="D49" pin="1"/>
    </net>
    <net code="51" name="Net-(D48-Pad1)">
      <node ref="D49" pin="2"/>
      <node ref="D48" pin="1"/>
    </net>
    <net code="52" name="Net-(D47-Pad1)">
      <node ref="D47" pin="1"/>
      <node ref="D48" pin="2"/>
    </net>
    <net code="53" name="Net-(D97-Pad1)">
      <node ref="D98" pin="2"/>
      <node ref="D97" pin="1"/>
    </net>
    <net code="54" name="Net-(D96-Pad1)">
      <node ref="D97" pin="2"/>
      <node ref="D96" pin="1"/>
    </net>
    <net code="55" name="Net-(D94-Pad1)">
      <node ref="D95" pin="2"/>
      <node ref="D94" pin="1"/>
    </net>
    <net code="56" name="Net-(D93-Pad1)">
      <node ref="D93" pin="1"/>
      <node ref="D94" pin="2"/>
    </net>
    <net code="57" name="Net-(D92-Pad1)">
      <node ref="D92" pin="1"/>
      <node ref="D93" pin="2"/>
    </net>
    <net code="58" name="Net-(D91-Pad1)">
      <node ref="D92" pin="2"/>
      <node ref="D91" pin="1"/>
    </net>
    <net code="59" name="Net-(D95-Pad1)">
      <node ref="D95" pin="1"/>
      <node ref="R19" pin="1"/>
    </net>
    <net code="60" name="Net-(D90-Pad1)">
      <node ref="R18" pin="1"/>
      <node ref="D90" pin="1"/>
    </net>
    <net code="61" name="Net-(D88-Pad1)">
      <node ref="D89" pin="2"/>
      <node ref="D88" pin="1"/>
    </net>
    <net code="62" name="Net-(D89-Pad1)">
      <node ref="D89" pin="1"/>
      <node ref="D90" pin="2"/>
    </net>
    <net code="63" name="Net-(D87-Pad1)">
      <node ref="D88" pin="2"/>
      <node ref="D87" pin="1"/>
    </net>
    <net code="64" name="Net-(D13-Pad1)">
      <node ref="D14" pin="2"/>
      <node ref="D13" pin="1"/>
    </net>
    <net code="65" name="Net-(D12-Pad1)">
      <node ref="D13" pin="2"/>
      <node ref="D12" pin="1"/>
    </net>
    <net code="66" name="Net-(D11-Pad1)">
      <node ref="D12" pin="2"/>
      <node ref="D11" pin="1"/>
    </net>
    <net code="67" name="Net-(D10-Pad2)">
      <node ref="D9" pin="1"/>
      <node ref="D10" pin="2"/>
    </net>
    <net code="68" name="Net-(D8-Pad1)">
      <node ref="D8" pin="1"/>
      <node ref="D9" pin="2"/>
    </net>
    <net code="69" name="Net-(D7-Pad1)">
      <node ref="D7" pin="1"/>
      <node ref="D8" pin="2"/>
    </net>
    <net code="70" name="Net-(D6-Pad1)">
      <node ref="D7" pin="2"/>
      <node ref="D6" pin="1"/>
    </net>
    <net code="71" name="Net-(D4-Pad1)">
      <node ref="D5" pin="2"/>
      <node ref="D4" pin="1"/>
    </net>
    <net code="72" name="Net-(D3-Pad1)">
      <node ref="D4" pin="2"/>
      <node ref="D3" pin="1"/>
    </net>
    <net code="73" name="Net-(D2-Pad1)">
      <node ref="D3" pin="2"/>
      <node ref="D2" pin="1"/>
    </net>
    <net code="74" name="Net-(D1-Pad1)">
      <node ref="D2" pin="2"/>
      <node ref="D1" pin="1"/>
    </net>
    <net code="75" name="Net-(D100-Pad2)">
      <node ref="D99" pin="1"/>
      <node ref="D100" pin="2"/>
    </net>
    <net code="76" name="Net-(D100-Pad1)">
      <node ref="R20" pin="1"/>
      <node ref="D100" pin="1"/>
    </net>
    <net code="77" name="Net-(D98-Pad1)">
      <node ref="D98" pin="1"/>
      <node ref="D99" pin="2"/>
    </net>
    <net code="78" name="Net-(D85-Pad1)">
      <node ref="D85" pin="1"/>
      <node ref="R17" pin="1"/>
    </net>
    <net code="79" name="Net-(D80-Pad1)">
      <node ref="D80" pin="1"/>
      <node ref="R16" pin="1"/>
    </net>
    <net code="80" name="Net-(D75-Pad1)">
      <node ref="R15" pin="1"/>
      <node ref="D75" pin="1"/>
    </net>
    <net code="81" name="Net-(D70-Pad1)">
      <node ref="R14" pin="1"/>
      <node ref="D70" pin="1"/>
    </net>
    <net code="82" name="Net-(D65-Pad1)">
      <node ref="D65" pin="1"/>
      <node ref="R13" pin="1"/>
    </net>
    <net code="83" name="Net-(D60-Pad1)">
      <node ref="D60" pin="1"/>
      <node ref="R12" pin="1"/>
    </net>
    <net code="84" name="Net-(D55-Pad1)">
      <node ref="R11" pin="1"/>
      <node ref="D55" pin="1"/>
    </net>
    <net code="85" name="Net-(D50-Pad1)">
      <node ref="R10" pin="1"/>
      <node ref="D50" pin="1"/>
    </net>
    <net code="86" name="Net-(D45-Pad1)">
      <node ref="R9" pin="1"/>
      <node ref="D45" pin="1"/>
    </net>
    <net code="87" name="Net-(D40-Pad1)">
      <node ref="R8" pin="1"/>
      <node ref="D40" pin="1"/>
    </net>
    <net code="88" name="Net-(D35-Pad1)">
      <node ref="D35" pin="1"/>
      <node ref="R7" pin="1"/>
    </net>
    <net code="89" name="Net-(D30-Pad1)">
      <node ref="R6" pin="1"/>
      <node ref="D30" pin="1"/>
    </net>
    <net code="90" name="Net-(P1-Pad1)">
      <node ref="P1" pin="1"/>
      <node ref="R21" pin="2"/>
    </net>
    <net code="91" name="Net-(CON1-Pad3)">
      <node ref="CON1" pin="3"/>
    </net>
    <net code="92" name="Net-(Q1-Pad1)">
      <node ref="Q1" pin="1"/>
      <node ref="R21" pin="1"/>
      <node ref="R22" pin="2"/>
      <node ref="R23" pin="1"/>
    </net>
    <net code="93" name="Net-(D86-Pad1)">
      <node ref="D87" pin="2"/>
      <node ref="D86" pin="1"/>
    </net>
    <net code="94" name="Net-(D84-Pad1)">
      <node ref="D84" pin="1"/>
      <node ref="D85" pin="2"/>
    </net>
    <net code="95" name="Net-(D83-Pad1)">
      <node ref="D83" pin="1"/>
      <node ref="D84" pin="2"/>
    </net>
    <net code="96" name="Net-(D82-Pad1)">
      <node ref="D83" pin="2"/>
      <node ref="D82" pin="1"/>
    </net>
    <net code="97" name="Net-(D81-Pad1)">
      <node ref="D82" pin="2"/>
      <node ref="D81" pin="1"/>
    </net>
    <net code="98" name="Net-(D79-Pad1)">
      <node ref="D79" pin="1"/>
      <node ref="D80" pin="2"/>
    </net>
    <net code="99" name="Net-(D25-Pad1)">
      <node ref="D25" pin="1"/>
      <node ref="R5" pin="1"/>
    </net>
    <net code="100" name="Net-(D20-Pad1)">
      <node ref="R4" pin="1"/>
      <node ref="D20" pin="1"/>
    </net>
    <net code="101" name="Net-(D15-Pad1)">
      <node ref="D15" pin="1"/>
      <node ref="R3" pin="1"/>
    </net>
    <net code="102" name="Net-(D10-Pad1)">
      <node ref="R2" pin="1"/>
      <node ref="D10" pin="1"/>
    </net>
    <net code="103" name="Net-(D5-Pad1)">
      <node ref="D5" pin="1"/>
      <node ref="R1" pin="1"/>
    </net>
    <net code="104" name="GND">
      <node ref="CON1" pin="2"/>
      <node ref="R23" pin="2"/>
      <node ref="SW1" pin="2"/>
      <node ref="P1" pin="2"/>
      <node ref="Q1" pin="3"/>
    </net>
    <net code="105" name="Net-(CON1-Pad1)">
      <node ref="D41" pin="2"/>
      <node ref="D11" pin="2"/>
      <node ref="D26" pin="2"/>
      <node ref="D81" pin="2"/>
      <node ref="D31" pin="2"/>
      <node ref="D21" pin="2"/>
      <node ref="D56" pin="2"/>
      <node ref="D46" pin="2"/>
      <node ref="D16" pin="2"/>
      <node ref="D51" pin="2"/>
      <node ref="D96" pin="2"/>
      <node ref="D71" pin="2"/>
      <node ref="CON1" pin="1"/>
      <node ref="D6" pin="2"/>
      <node ref="D1" pin="2"/>
      <node ref="D66" pin="2"/>
      <node ref="D76" pin="2"/>
      <node ref="D86" pin="2"/>
      <node ref="D36" pin="2"/>
      <node ref="D91" pin="2"/>
      <node ref="D61" pin="2"/>
    </net>
    <net code="106" name="Net-(Q1-Pad2)">
      <node ref="R10" pin="2"/>
      <node ref="R14" pin="2"/>
      <node ref="R13" pin="2"/>
      <node ref="Q1" pin="2"/>
      <node ref="R12" pin="2"/>
      <node ref="SW1" pin="1"/>
      <node ref="R9" pin="2"/>
      <node ref="R19" pin="2"/>
      <node ref="R18" pin="2"/>
      <node ref="R8" pin="2"/>
      <node ref="R3" pin="2"/>
      <node ref="R2" pin="2"/>
      <node ref="R15" pin="2"/>
      <node ref="R16" pin="2"/>
      <node ref="R1" pin="2"/>
      <node ref="R5" pin="2"/>
      <node ref="R4" pin="2"/>
      <node ref="R20" pin="2"/>
      <node ref="R11" pin="2"/>
      <node ref="R7" pin="2"/>
      <node ref="R17" pin="2"/>
      <node ref="R22" pin="1"/>
      <node ref="R6" pin="2"/>
    </net>
  </nets>
</export>
